date,user,0
2026-02-24 00:00:00+00:00,1.72.199.232,3
2026-02-24 00:00:00+00:00,10.131.212.244,7
2026-02-24 00:00:00+00:00,102.110.43.90,12
2026-02-24 00:00:00+00:00,104.207.124.78,7
2026-02-24 00:00:00+00:00,106.239.7.20,10
2026-02-24 00:00:00+00:00,111.218.110.45,8
2026-02-24 00:00:00+00:00,112.191.191.53,10
2026-02-24 00:00:00+00:00,115.7.183.149,5
2026-02-24 00:00:00+00:00,12.48.78.222,5
2026-02-24 00:00:00+00:00,121.246.173.137,4
2026-02-24 00:00:00+00:00,126.154.219.5,6
2026-02-24 00:00:00+00:00,129.235.49.53,5
2026-02-24 00:00:00+00:00,132.20.139.120,7
2026-02-24 00:00:00+00:00,132.68.144.232,9
2026-02-24 00:00:00+00:00,143.95.217.201,9
2026-02-24 00:00:00+00:00,15.135.175.56,13
2026-02-24 00:00:00+00:00,15.142.13.105,8
2026-02-24 00:00:00+00:00,15.198.220.24,13
2026-02-24 00:00:00+00:00,151.166.4.114,7
2026-02-24 00:00:00+00:00,156.33.124.186,7
2026-02-24 00:00:00+00:00,16.242.69.44,8
2026-02-24 00:00:00+00:00,168.125.234.193,13
2026-02-24 00:00:00+00:00,169.88.10.177,12
2026-02-24 00:00:00+00:00,171.249.82.231,8
2026-02-24 00:00:00+00:00,172.175.29.240,8
2026-02-24 00:00:00+00:00,172.239.245.242,9
2026-02-24 00:00:00+00:00,173.4.95.226,6
2026-02-24 00:00:00+00:00,173.74.125.72,7
2026-02-24 00:00:00+00:00,176.136.236.185,6
2026-02-24 00:00:00+00:00,178.174.228.30,7
2026-02-24 00:00:00+00:00,179.103.6.139,8
2026-02-24 00:00:00+00:00,180.151.7.210,14
2026-02-24 00:00:00+00:00,183.182.102.89,4
2026-02-24 00:00:00+00:00,184.193.126.144,6
2026-02-24 00:00:00+00:00,184.57.71.234,16
2026-02-24 00:00:00+00:00,185.77.29.224,6
2026-02-24 00:00:00+00:00,187.8.55.125,6
2026-02-24 00:00:00+00:00,191.127.122.102,7
2026-02-24 00:00:00+00:00,192.221.226.242,12
2026-02-24 00:00:00+00:00,193.35.190.200,13
2026-02-24 00:00:00+00:00,195.240.19.247,8
2026-02-24 00:00:00+00:00,198.111.145.72,3
2026-02-24 00:00:00+00:00,201.127.245.255,4
2026-02-24 00:00:00+00:00,203.229.125.137,7
2026-02-24 00:00:00+00:00,205.64.112.137,7
2026-02-24 00:00:00+00:00,207.71.23.202,12
2026-02-24 00:00:00+00:00,208.156.88.211,12
2026-02-24 00:00:00+00:00,208.52.211.250,10
2026-02-24 00:00:00+00:00,208.63.135.25,3
2026-02-24 00:00:00+00:00,209.84.118.7,9
2026-02-24 00:00:00+00:00,215.165.105.152,11
2026-02-24 00:00:00+00:00,216.65.97.66,10
2026-02-24 00:00:00+00:00,22.134.51.36,7
2026-02-24 00:00:00+00:00,222.107.37.228,8
2026-02-24 00:00:00+00:00,23.233.2.70,7
2026-02-24 00:00:00+00:00,3.76.84.14,12
2026-02-24 00:00:00+00:00,30.99.253.59,16
2026-02-24 00:00:00+00:00,32.1.207.139,11
2026-02-24 00:00:00+00:00,33.59.5.139,4
2026-02-24 00:00:00+00:00,34.29.170.175,3
2026-02-24 00:00:00+00:00,4.171.145.230,9
2026-02-24 00:00:00+00:00,4.98.108.227,8
2026-02-24 00:00:00+00:00,48.217.31.181,14
2026-02-24 00:00:00+00:00,48.40.176.102,11
2026-02-24 00:00:00+00:00,52.173.226.38,9
2026-02-24 00:00:00+00:00,52.230.196.58,3
2026-02-24 00:00:00+00:00,52.37.160.222,8
2026-02-24 00:00:00+00:00,53.208.11.139,5
2026-02-24 00:00:00+00:00,54.50.255.108,9
2026-02-24 00:00:00+00:00,56.229.5.115,5
2026-02-24 00:00:00+00:00,58.227.191.234,6
2026-02-24 00:00:00+00:00,59.84.122.165,8
2026-02-24 00:00:00+00:00,59.86.138.86,7
2026-02-24 00:00:00+00:00,60.112.235.11,4
2026-02-24 00:00:00+00:00,62.111.30.105,10
2026-02-24 00:00:00+00:00,62.167.88.114,5
2026-02-24 00:00:00+00:00,66.192.134.255,6
2026-02-24 00:00:00+00:00,73.43.51.33,3
2026-02-24 00:00:00+00:00,74.113.35.254,13
2026-02-24 00:00:00+00:00,76.248.138.226,7
2026-02-24 00:00:00+00:00,79.81.26.231,11
2026-02-24 00:00:00+00:00,8.16.171.137,10
2026-02-24 00:00:00+00:00,80.109.63.43,4
2026-02-24 00:00:00+00:00,80.93.11.3,10
2026-02-24 00:00:00+00:00,82.109.232.21,9
2026-02-24 00:00:00+00:00,84.44.203.233,6
2026-02-24 00:00:00+00:00,88.223.49.75,8
2026-02-24 00:00:00+00:00,88.250.104.232,6
2026-02-24 00:00:00+00:00,88.91.123.254,3
2026-02-24 00:00:00+00:00,89.244.160.185,7
2026-02-24 00:00:00+00:00,89.32.197.76,11
2026-02-24 00:00:00+00:00,95.232.254.88,6
2026-02-24 00:00:00+00:00,97.234.84.35,6
2026-02-24 00:00:00+00:00,98.222.48.220,9
2026-02-24 00:00:00+00:00,99.55.91.137,16
2026-02-25 00:00:00+00:00,1.173.165.42,33
2026-02-25 00:00:00+00:00,101.69.142.163,22
2026-02-25 00:00:00+00:00,102.247.166.99,28
2026-02-25 00:00:00+00:00,103.251.54.186,21
2026-02-25 00:00:00+00:00,104.117.0.84,40
2026-02-25 00:00:00+00:00,106.100.16.32,23
2026-02-25 00:00:00+00:00,107.94.72.74,23
2026-02-25 00:00:00+00:00,113.87.40.142,30
2026-02-25 00:00:00+00:00,117.29.113.132,29
2026-02-25 00:00:00+00:00,12.174.51.246,23
2026-02-25 00:00:00+00:00,120.0.199.30,17
2026-02-25 00:00:00+00:00,121.201.169.95,20
2026-02-25 00:00:00+00:00,122.177.234.89,34
2026-02-25 00:00:00+00:00,125.126.150.186,34
2026-02-25 00:00:00+00:00,125.206.136.248,32
2026-02-25 00:00:00+00:00,128.21.230.236,31
2026-02-25 00:00:00+00:00,128.54.25.54,32
2026-02-25 00:00:00+00:00,130.21.252.201,22
2026-02-25 00:00:00+00:00,130.251.58.31,26
2026-02-25 00:00:00+00:00,132.142.227.128,23
2026-02-25 00:00:00+00:00,132.196.211.210,26
2026-02-25 00:00:00+00:00,147.180.64.33,17
2026-02-25 00:00:00+00:00,147.189.241.188,28
2026-02-25 00:00:00+00:00,15.75.47.80,24
2026-02-25 00:00:00+00:00,157.106.78.179,30
2026-02-25 00:00:00+00:00,157.119.2.126,35
2026-02-25 00:00:00+00:00,157.243.182.185,25
2026-02-25 00:00:00+00:00,161.108.23.52,20
2026-02-25 00:00:00+00:00,166.185.82.32,27
2026-02-25 00:00:00+00:00,17.183.198.132,25
2026-02-25 00:00:00+00:00,17.36.42.184,24
2026-02-25 00:00:00+00:00,174.192.132.144,26
2026-02-25 00:00:00+00:00,178.82.82.65,32
2026-02-25 00:00:00+00:00,179.2.146.33,28
2026-02-25 00:00:00+00:00,182.35.47.229,28
2026-02-25 00:00:00+00:00,185.170.60.133,25
2026-02-25 00:00:00+00:00,185.181.237.164,25
2026-02-25 00:00:00+00:00,188.236.19.103,36
2026-02-25 00:00:00+00:00,192.74.31.227,23
2026-02-25 00:00:00+00:00,202.255.107.132,28
2026-02-25 00:00:00+00:00,211.96.95.238,37
2026-02-25 00:00:00+00:00,22.1.172.156,26
2026-02-25 00:00:00+00:00,23.153.208.170,35
2026-02-25 00:00:00+00:00,27.187.73.199,42
2026-02-25 00:00:00+00:00,29.33.84.244,30
2026-02-25 00:00:00+00:00,31.119.63.228,27
2026-02-25 00:00:00+00:00,34.112.114.235,22
2026-02-25 00:00:00+00:00,4.27.0.74,31
2026-02-25 00:00:00+00:00,41.103.217.174,34
2026-02-25 00:00:00+00:00,44.86.144.20,26
2026-02-25 00:00:00+00:00,49.9.51.129,33
2026-02-25 00:00:00+00:00,55.77.215.89,34
2026-02-25 00:00:00+00:00,60.73.107.205,26
2026-02-25 00:00:00+00:00,72.167.111.182,27
2026-02-25 00:00:00+00:00,77.140.134.85,37
2026-02-25 00:00:00+00:00,86.116.17.142,35
2026-02-25 00:00:00+00:00,89.159.170.252,20
2026-02-25 00:00:00+00:00,90.104.234.22,26
2026-02-25 00:00:00+00:00,94.112.183.66,27
2026-02-25 00:00:00+00:00,97.215.79.56,22
2026-02-25 00:00:00+00:00,98.52.203.243,25
2026-02-25 00:00:00+00:00,99.182.163.89,27
2026-02-26 00:00:00+00:00,1.103.200.145,7
2026-02-26 00:00:00+00:00,102.22.31.248,6
2026-02-26 00:00:00+00:00,106.111.13.174,3
2026-02-26 00:00:00+00:00,106.37.139.105,7
2026-02-26 00:00:00+00:00,107.191.255.61,7
2026-02-26 00:00:00+00:00,108.250.34.159,10
2026-02-26 00:00:00+00:00,111.233.215.43,8
2026-02-26 00:00:00+00:00,114.228.216.41,5
2026-02-26 00:00:00+00:00,117.7.21.14,11
2026-02-26 00:00:00+00:00,118.26.224.174,4
2026-02-26 00:00:00+00:00,119.199.44.1,7
2026-02-26 00:00:00+00:00,123.149.154.23,11
2026-02-26 00:00:00+00:00,128.145.47.245,9
2026-02-26 00:00:00+00:00,129.203.95.28,8
2026-02-26 00:00:00+00:00,13.139.12.168,9
2026-02-26 00:00:00+00:00,130.147.201.184,8
2026-02-26 00:00:00+00:00,135.19.117.222,9
2026-02-26 00:00:00+00:00,136.141.43.15,7
2026-02-26 00:00:00+00:00,136.85.253.30,5
2026-02-26 00:00:00+00:00,139.173.68.35,7
2026-02-26 00:00:00+00:00,145.121.200.174,8
2026-02-26 00:00:00+00:00,148.45.149.192,4
2026-02-26 00:00:00+00:00,15.55.141.2,5
2026-02-26 00:00:00+00:00,150.177.46.186,6
2026-02-26 00:00:00+00:00,150.226.127.164,5
2026-02-26 00:00:00+00:00,157.17.232.245,3
2026-02-26 00:00:00+00:00,159.58.59.120,9
2026-02-26 00:00:00+00:00,162.222.97.249,11
2026-02-26 00:00:00+00:00,163.86.243.12,8
2026-02-26 00:00:00+00:00,166.89.181.115,8
2026-02-26 00:00:00+00:00,17.201.56.147,10
2026-02-26 00:00:00+00:00,174.243.218.90,9
2026-02-26 00:00:00+00:00,184.244.122.52,7
2026-02-26 00:00:00+00:00,185.57.60.77,6
2026-02-26 00:00:00+00:00,188.78.148.112,8
2026-02-26 00:00:00+00:00,196.228.230.182,4
2026-02-26 00:00:00+00:00,197.251.255.187,8
2026-02-26 00:00:00+00:00,199.6.255.196,8
2026-02-26 00:00:00+00:00,202.10.72.19,8
2026-02-26 00:00:00+00:00,202.39.198.244,9
2026-02-26 00:00:00+00:00,203.165.224.224,5
2026-02-26 00:00:00+00:00,205.227.130.247,4
2026-02-26 00:00:00+00:00,205.93.203.25,8
2026-02-26 00:00:00+00:00,206.18.255.253,10
2026-02-26 00:00:00+00:00,213.162.15.64,4
2026-02-26 00:00:00+00:00,214.34.20.74,7
2026-02-26 00:00:00+00:00,215.141.98.174,8
2026-02-26 00:00:00+00:00,215.244.132.114,7
2026-02-26 00:00:00+00:00,216.106.170.72,8
2026-02-26 00:00:00+00:00,222.109.68.131,6
2026-02-26 00:00:00+00:00,222.9.110.183,5
2026-02-26 00:00:00+00:00,27.79.172.160,12
2026-02-26 00:00:00+00:00,33.61.223.140,7
2026-02-26 00:00:00+00:00,34.235.52.229,8
2026-02-26 00:00:00+00:00,34.37.220.247,13
2026-02-26 00:00:00+00:00,36.30.40.81,3
2026-02-26 00:00:00+00:00,37.51.38.200,9
2026-02-26 00:00:00+00:00,39.159.73.200,11
2026-02-26 00:00:00+00:00,4.238.74.115,12
2026-02-26 00:00:00+00:00,42.156.144.50,7
2026-02-26 00:00:00+00:00,5.102.26.209,8
2026-02-26 00:00:00+00:00,6.97.174.237,9
2026-02-26 00:00:00+00:00,60.142.226.149,7
2026-02-26 00:00:00+00:00,60.2.84.212,14
2026-02-26 00:00:00+00:00,61.200.143.64,5
2026-02-26 00:00:00+00:00,64.236.58.115,14
2026-02-26 00:00:00+00:00,66.51.233.236,3
2026-02-26 00:00:00+00:00,66.67.180.180,6
2026-02-26 00:00:00+00:00,69.11.153.85,5
2026-02-26 00:00:00+00:00,69.238.250.173,8
2026-02-26 00:00:00+00:00,69.76.105.130,8
2026-02-26 00:00:00+00:00,70.111.150.70,8
2026-02-26 00:00:00+00:00,72.174.69.200,13
2026-02-26 00:00:00+00:00,75.175.18.206,10
2026-02-26 00:00:00+00:00,75.226.83.215,7
2026-02-26 00:00:00+00:00,76.36.78.196,13
2026-02-26 00:00:00+00:00,8.225.241.105,13
2026-02-26 00:00:00+00:00,83.29.166.151,9
2026-02-26 00:00:00+00:00,85.127.201.85,12
2026-02-26 00:00:00+00:00,85.230.234.142,9
2026-02-26 00:00:00+00:00,86.229.199.162,17
2026-02-26 00:00:00+00:00,87.40.128.27,8
2026-02-26 00:00:00+00:00,88.213.233.235,8
2026-02-26 00:00:00+00:00,9.118.141.248,5
2026-02-26 00:00:00+00:00,9.237.71.37,7
2026-02-26 00:00:00+00:00,94.68.225.3,3
2026-02-26 00:00:00+00:00,96.150.161.136,9
2026-02-26 00:00:00+00:00,96.83.78.7,8
